<metadata xml:lang="en"><Esri><CreaDate>20150914</CreaDate><CreaTime>17031500</CreaTime><SyncOnce>FALSE</SyncOnce><DataProperties><lineage><Process ToolSource="C:\Program Files\ArcGIS\ArcToolbox\Toolboxes\Data Management Tools.tbx\Dissolve" Date="20100625" Time="122141" Name="" export="">Dissolve shapes_line "C:\Documents and Settings\sromalewski\Desktop\mta\subwayjune18\GTFS.mdb\shapes_line_Dissolve1" shapes_line.route_trip # MULTI_PART DISSOLVE_LINES</Process><Process ToolSource="C:\Program Files (x86)\ArcGIS\ArcToolbox\Toolboxes\Data Management Tools.tbx\Append" Date="20100703" Time="165041" Name="" export="">Append C:\Users\Sromalewski\Desktop\mta\subwayjune18\GTFS.mdb\alinetemp shapes_routes_div_line NO_TEST "shapes_line_route_trip 'shapes_line_route_trip' true true false 5 Text 0 0 ,First,#;SHAPE_Length 'SHAPE_Length' false true true 8 Double 0 0 ,First,#,C:\Users\Sromalewski\Desktop\mta\subwayjune18\GTFS.mdb\alinetemp,Shape_Length,-1,-1;Division 'Division' true true false 3 Text 0 0 ,First,#;Line 'Line' true true false 50 Text 0 0 ,First,#" # shapes_routes_div_line</Process><Process ToolSource="C:\Program Files (x86)\ArcGIS\ArcToolbox\Toolboxes\Data Management Tools.tbx\Append" Date="20100703" Time="165917" Name="" export="">Append alinetemp2 shapes_routes_div_line NO_TEST "shapes_line_route_trip 'shapes_line_route_trip' true true false 5 Text 0 0 ,First,#;SHAPE_Length 'SHAPE_Length' false true true 8 Double 0 0 ,First,#,C:\Users\Sromalewski\Desktop\mta\subwayjune18\GTFS.mdb\alinetemp2,Shape_Length,-1,-1;Division 'Division' true true false 3 Text 0 0 ,First,#;Line 'Line' true true false 50 Text 0 0 ,First,#" # shapes_routes_div_line</Process><Process ToolSource="C:\Program Files (x86)\ArcGIS\ArcToolbox\Toolboxes\Data Management Tools.tbx\Append" Date="20100703" Time="221812" Name="" export="">Append nlinetemp shapes_routes_div_line NO_TEST "shapes_line_route_trip 'shapes_line_route_trip' true true false 5 Text 0 0 ,First,#,C:\Users\Sromalewski\Desktop\mta\subwayjune18\GTFS.mdb\nlinetemp,shapes_line_route_trip,-1,-1;SHAPE_Length 'SHAPE_Length' false true true 8 Double 0 0 ,First,#,C:\Users\Sromalewski\Desktop\mta\subwayjune18\GTFS.mdb\nlinetemp,SHAPE_Length,-1,-1;Division 'Division' true true false 3 Text 0 0 ,First,#;Line 'Line' true true false 50 Text 0 0 ,First,#" # shapes_routes_div_line</Process><Process ToolSource="C:\Program Files (x86)\ArcGIS\ArcToolbox\Toolboxes\Data Management Tools.tbx\Append" Date="20100703" Time="230429" Name="" export="">Append Mlinetemp_Dissolve shapes_routes_div_line NO_TEST "shapes_line_route_trip 'shapes_line_route_trip' true true false 5 Text 0 0 ,First,#;SHAPE_Length 'SHAPE_Length' false true true 8 Double 0 0 ,First,#,C:\Users\Sromalewski\Desktop\mta\subwayjune18\GTFS.mdb\Mlinetemp_Dissolve,SHAPE_Length,-1,-1;Division 'Division' true true false 3 Text 0 0 ,First,#;Line 'Line' true true false 50 Text 0 0 ,First,#" # shapes_routes_div_line</Process><Process ToolSource="C:\Program Files (x86)\ArcGIS\ArcToolbox\Toolboxes\Data Management Tools.tbx\Append" Date="20100703" Time="232418" Name="" export="">Append Z_Export_Output shapes_routes_div_line NO_TEST "shapes_line_route_trip 'shapes_line_route_trip' true true false 5 Text 0 0 ,First,#;SHAPE_Length 'SHAPE_Length' false true true 8 Double 0 0 ,First,#;Division 'Division' true true false 3 Text 0 0 ,First,#,C:\Users\Sromalewski\Desktop\mta\subwayjune18\Z_Export_Output.shp,Division,-1,-1;Line 'Line' true true false 50 Text 0 0 ,First,#,C:\Users\Sromalewski\Desktop\mta\subwayjune18\Z_Export_Output.shp,Line,-1,-1" # shapes_routes_div_line</Process><Process ToolSource="C:\Program Files (x86)\ArcGIS\ArcToolbox\Toolboxes\Data Management Tools.tbx\Dissolve" Date="20100704" Time="221004" Name="" export="">Dissolve shapes_routes_div_line C:\Users\Sromalewski\Desktop\mta\subwayjune18\GTFS.mdb\shapes_routes_div_line_DissolveFinal shapes_line_route_trip;Division;Line # MULTI_PART DISSOLVE_LINES</Process><Process ToolSource="c:\program files (x86)\arcgis\desktop10.2\ArcToolbox\Toolboxes\Data Management Tools.tbx\Append" Date="20150914" Time="172236" Name="" export="">Append Mline_20150914_appendformat nyctsubwayroutes_20150914 TEST # #</Process><Process ToolSource="c:\program files (x86)\arcgis\desktop10.2\ArcToolbox\Toolboxes\Data Management Tools.tbx\Append" Date="20150914" Time="175409" Name="" export="">Append 7line_20150914_appendformat nyctsubwayroutes_20150914 TEST # #</Process></lineage><itemProps><itemName Sync="TRUE">nyctsubwayroutes_20150914</itemName><imsContentType Sync="TRUE">002</imsContentType><nativeExtBox><westBL Sync="TRUE">-74.251961</westBL><eastBL Sync="TRUE">-73.755405</eastBL><southBL Sync="TRUE">40.512764</southBL><northBL Sync="TRUE">40.903125</northBL><exTypeCode Sync="TRUE">1</exTypeCode></nativeExtBox><itemSize Sync="TRUE">0.247</itemSize><itemLocation><linkage Sync="TRUE">file://\\ld2.gc.cuny.edu\samba\GIS\Transportation\MTA\NYCT_Subway\nyctsubwayroutes_20150914.shp</linkage><protocol Sync="TRUE">Local Area Network</protocol></itemLocation></itemProps><coordRef><type Sync="TRUE">Geographic</type><geogcsn Sync="TRUE">GCS_North_American_1983</geogcsn><csUnits Sync="TRUE">Angular Unit: Degree (0.017453)</csUnits><peXml Sync="TRUE">&lt;GeographicCoordinateSystem xsi:type='typens:GeographicCoordinateSystem' xmlns:xsi='http://www.w3.org/2001/XMLSchema-instance' xmlns:xs='http://www.w3.org/2001/XMLSchema' xmlns:typens='http://www.esri.com/schemas/ArcGIS/10.1'&gt;&lt;WKT&gt;GEOGCS[&amp;quot;GCS_North_American_1983&amp;quot;,DATUM[&amp;quot;D_North_American_1983&amp;quot;,SPHEROID[&amp;quot;GRS_1980&amp;quot;,6378137.0,298.257222101]],PRIMEM[&amp;quot;Greenwich&amp;quot;,0.0],UNIT[&amp;quot;Degree&amp;quot;,0.0174532925199433],AUTHORITY[&amp;quot;EPSG&amp;quot;,4269]]&lt;/WKT&gt;&lt;XOrigin&gt;-400&lt;/XOrigin&gt;&lt;YOrigin&gt;-400&lt;/YOrigin&gt;&lt;XYScale&gt;11258999068426.238&lt;/XYScale&gt;&lt;ZOrigin&gt;-100000&lt;/ZOrigin&gt;&lt;ZScale&gt;10000&lt;/ZScale&gt;&lt;MOrigin&gt;-100000&lt;/MOrigin&gt;&lt;MScale&gt;10000&lt;/MScale&gt;&lt;XYTolerance&gt;8.9831528411952133e-009&lt;/XYTolerance&gt;&lt;ZTolerance&gt;0.001&lt;/ZTolerance&gt;&lt;MTolerance&gt;0.001&lt;/MTolerance&gt;&lt;HighPrecision&gt;true&lt;/HighPrecision&gt;&lt;LeftLongitude&gt;-180&lt;/LeftLongitude&gt;&lt;WKID&gt;4269&lt;/WKID&gt;&lt;LatestWKID&gt;4269&lt;/LatestWKID&gt;&lt;/GeographicCoordinateSystem&gt;</peXml></coordRef></DataProperties><SyncDate>20151003</SyncDate><SyncTime>19081300</SyncTime><ModDate>20151003</ModDate><ModTime>19081300</ModTime><ArcGISFormat>1.0</ArcGISFormat><ArcGISstyle>FGDC CSDGM Metadata</ArcGISstyle><scaleRange><minScale>150000000</minScale><maxScale>5000</maxScale></scaleRange><ArcGISProfile>ItemDescription</ArcGISProfile></Esri><idinfo><citation><citeinfo><onlink Sync="TRUE">\\SR_CUR\C$\Data\nyctsubwayroutes_100627.shp</onlink><origin>REQUIRED: The name of an organization or individual that developed the data set.</origin><pubdate>REQUIRED: The date when the data set is published or otherwise made available for release.</pubdate><title Sync="TRUE">nyctsubwayroutes_100627</title><ftname Sync="TRUE">nyctsubwayroutes_100627</ftname><geoform Sync="TRUE">vector digital data</geoform></citeinfo></citation><native Sync="TRUE">Microsoft Windows Vista Version 6.1 (Build 7600) ; ESRI ArcCatalog 9.3.1.3500</native><descript><langdata Sync="TRUE">en</langdata><abstract>REQUIRED: A brief narrative summary of the data set.</abstract><purpose>REQUIRED: A summary of the intentions with which the data set was developed.</purpose></descript><timeperd><current>REQUIRED: The basis on which the time period of content information is determined.</current><timeinfo><sngdate><caldate>REQUIRED: The year (and optionally month, or month and day) for which the data set corresponds to the ground.</caldate></sngdate></timeinfo></timeperd><status><progress>REQUIRED: The state of the data set.</progress><update>REQUIRED: The frequency with which changes and additions are made to the data set after the initial data set is completed.</update></status><spdom><bounding><westbc Sync="TRUE">-74.251961</westbc><eastbc Sync="TRUE">-73.755405</eastbc><northbc Sync="TRUE">40.903125</northbc><southbc Sync="TRUE">40.512764</southbc></bounding><lboundng><leftbc Sync="TRUE">-74.251961</leftbc><rightbc Sync="TRUE">-73.755405</rightbc><bottombc Sync="TRUE">40.512764</bottombc><topbc Sync="TRUE">40.903125</topbc></lboundng></spdom><keywords><theme><themekt>REQUIRED: Reference to a formally registered thesaurus or a similar authoritative source of theme keywords.</themekt><themekey>REQUIRED: Common-use word or phrase used to describe the subject of the data set.</themekey></theme></keywords><accconst>REQUIRED: Restrictions and legal prerequisites for accessing the data set.</accconst><useconst>REQUIRED: Restrictions and legal prerequisites for using the data set after access is granted.</useconst><natvform Sync="TRUE">Shapefile</natvform></idinfo><distInfo><distributor><distorTran><onLineSrc><linkage Sync="TRUE">file://\\SR_CUR\C$\Data\nyctsubwayroutes_100627.shp</linkage><protocol Sync="TRUE">Local Area Network</protocol><orDesc Sync="TRUE">002</orDesc></onLineSrc><transSize Sync="TRUE">0.247</transSize></distorTran><distorFormat><formatName Sync="TRUE">Shapefile</formatName></distorFormat></distributor><distFormat><formatName Sync="TRUE">Shapefile</formatName></distFormat><distTranOps><transSize Sync="TRUE">0.247</transSize></distTranOps></distInfo><dataqual><lineage><procstep><procdesc Sync="TRUE">Dataset copied.</procdesc><procdate Sync="TRUE">20100703</procdate><proctime Sync="TRUE">16055000</proctime></procstep><procstep><procdesc Sync="TRUE">Dataset copied.</procdesc><procdate Sync="TRUE">20100708</procdate><proctime Sync="TRUE">00270600</proctime></procstep><procstep><procdesc Sync="TRUE">Dataset copied.</procdesc><procdate Sync="TRUE">20100708</procdate><proctime Sync="TRUE">01374400</proctime></procstep></lineage></dataqual><dataIdInfo><envirDesc Sync="TRUE">Microsoft Windows Server 2008 R2 Version 6.1 (Build 7601) Service Pack 1; Esri ArcGIS 10.2.0.3348</envirDesc><dataLang><languageCode Sync="TRUE" value="eng"/><countryCode value="USA" Sync="TRUE"/></dataLang><idCitation><resTitle Sync="TRUE">nyctsubwayroutes_20150914</resTitle><presForm><PresFormCd Sync="TRUE" value="005"/></presForm></idCitation><spatRpType><SpatRepTypCd Sync="TRUE" value="001"/></spatRpType><dataExt><geoEle><GeoBndBox esriExtentType="native"><westBL Sync="TRUE">-74.251961</westBL><eastBL Sync="TRUE">-73.755405</eastBL><northBL Sync="TRUE">40.903125</northBL><southBL Sync="TRUE">40.512764</southBL><exTypeCode Sync="TRUE">1</exTypeCode></GeoBndBox></geoEle></dataExt><geoBox esriExtentType="decdegrees"><westBL Sync="TRUE">-74.251961</westBL><eastBL Sync="TRUE">-73.755405</eastBL><northBL Sync="TRUE">40.903125</northBL><southBL Sync="TRUE">40.512764</southBL><exTypeCode Sync="TRUE">1</exTypeCode></geoBox><dataExt><geoEle xmlns=""><GeoBndBox esriExtentType="search"><exTypeCode Sync="TRUE">1</exTypeCode><westBL Sync="TRUE">-74.251961</westBL><eastBL Sync="TRUE">-73.755405</eastBL><northBL Sync="TRUE">40.903125</northBL><southBL Sync="TRUE">40.512764</southBL></GeoBndBox></geoEle></dataExt><idPurp>Provide a GIS line representation of MTA subway routes in New York City, based on GTFS files as of Sept 14, 2015.</idPurp><searchKeys><keyword>nyc</keyword><keyword>mta</keyword><keyword>subway</keyword><keyword>gtfs</keyword></searchKeys><idCredit>If you use the files, please reference the Center for Urban Research at the Graduate Center/CUNY at http://www.urbanresearch.org/about/cur-components/cuny-mapping-service</idCredit></dataIdInfo><metainfo><langmeta Sync="TRUE">en</langmeta><metstdn Sync="TRUE">FGDC Content Standards for Digital Geospatial Metadata</metstdn><metstdv Sync="TRUE">FGDC-STD-001-1998</metstdv><mettc Sync="TRUE">local time</mettc><metc><cntinfo><cntorgp><cntper>REQUIRED: The person responsible for the metadata information.</cntper><cntorg>REQUIRED: The organization responsible for the metadata information.</cntorg></cntorgp><cntaddr><addrtype>REQUIRED: The mailing and/or physical address for the organization or individual.</addrtype><city>REQUIRED: The city of the address.</city><state>REQUIRED: The state or province of the address.</state><postal>REQUIRED: The ZIP or other postal code of the address.</postal></cntaddr><cntvoice>REQUIRED: The telephone number by which individuals can speak to the organization or individual.</cntvoice></cntinfo></metc><metd Sync="TRUE">20100708</metd></metainfo><mdLang><languageCode Sync="TRUE" value="eng"/><countryCode value="USA" Sync="TRUE"/></mdLang><mdStanName Sync="TRUE">ISO 19115 Geographic Information - Metadata</mdStanName><mdStanVer Sync="TRUE">DIS_ESRI1.0</mdStanVer><mdChar><CharSetCd Sync="TRUE" value="004"/></mdChar><mdHrLv><ScopeCd Sync="TRUE" value="005"/></mdHrLv><mdHrLvName Sync="TRUE">dataset</mdHrLvName><distinfo><resdesc Sync="TRUE">Downloadable Data</resdesc><stdorder><digform><digtinfo><transize Sync="TRUE">0.247</transize><dssize Sync="TRUE">0.247</dssize></digtinfo></digform></stdorder></distinfo><spdoinfo><direct Sync="TRUE">Vector</direct><ptvctinf><esriterm Name="nyctsubwayroutes_20150914"><efeatyp Sync="TRUE">Simple</efeatyp><efeageom code="3" Sync="TRUE"></efeageom><esritopo Sync="TRUE">FALSE</esritopo><efeacnt Sync="TRUE">80</efeacnt><spindex Sync="TRUE">TRUE</spindex><linrefer Sync="TRUE">FALSE</linrefer></esriterm></ptvctinf></spdoinfo><spref><horizsys><cordsysn><geogcsn Sync="TRUE">GCS_North_American_1983</geogcsn></cordsysn><geograph><geogunit Sync="TRUE">Decimal degrees</geogunit><latres Sync="TRUE">0.000000</latres><longres Sync="TRUE">0.000000</longres></geograph><geodetic><horizdn Sync="TRUE">North American Datum of 1983</horizdn><ellips Sync="TRUE">Geodetic Reference System 80</ellips><semiaxis Sync="TRUE">6378137.000000</semiaxis><denflat Sync="TRUE">298.257222</denflat></geodetic></horizsys></spref><refSysInfo><RefSystem><refSysID><identCode Sync="TRUE" code="4269">GCS_North_American_1983</identCode><idCodeSpace Sync="TRUE">EPSG</idCodeSpace><idVersion Sync="TRUE">8.1.1</idVersion></refSysID></RefSystem></refSysInfo><spatRepInfo><VectSpatRep><geometObjs Name="nyctsubwayroutes_20150914"><geoObjTyp><GeoObjTypCd value="002" Sync="TRUE"></GeoObjTypCd></geoObjTyp><geoObjCnt Sync="TRUE">80</geoObjCnt></geometObjs><topLvl><TopoLevCd value="001" Sync="TRUE"></TopoLevCd></topLvl></VectSpatRep></spatRepInfo><eainfo><detailed Name="nyctsubwayroutes_20150914"><enttyp><enttypl Sync="TRUE">nyctsubwayroutes_20150914</enttypl><enttypt Sync="TRUE">Feature Class</enttypt><enttypc Sync="TRUE">80</enttypc></enttyp><attr><attrlabl Sync="TRUE">FID</attrlabl><attalias Sync="TRUE">FID</attalias><attrtype Sync="TRUE">OID</attrtype><attwidth Sync="TRUE">4</attwidth><atprecis Sync="TRUE">0</atprecis><attscale Sync="TRUE">0</attscale><attrdef Sync="TRUE">Internal feature number.</attrdef><attrdefs Sync="TRUE">ESRI</attrdefs><attrdomv><udom Sync="TRUE">Sequential unique whole numbers that are automatically generated.</udom></attrdomv></attr><attr><attrlabl Sync="TRUE">SHAPE</attrlabl><attalias Sync="TRUE">Shape</attalias><attrtype Sync="TRUE">Geometry</attrtype><attwidth Sync="TRUE">0</attwidth><atprecis Sync="TRUE">0</atprecis><attscale Sync="TRUE">0</attscale><attrdef Sync="TRUE">Feature geometry.</attrdef><attrdefs Sync="TRUE">ESRI</attrdefs><attrdomv><udom Sync="TRUE">Coordinates defining the features.</udom></attrdomv></attr><attr><attrlabl Sync="TRUE">Division</attrlabl><attalias Sync="TRUE">Division</attalias><attrtype Sync="TRUE">String</attrtype><attwidth Sync="TRUE">3</attwidth><atprecis Sync="TRUE">0</atprecis><attscale Sync="TRUE">0</attscale></attr><attr><attrlabl Sync="TRUE">Line</attrlabl><attalias Sync="TRUE">Line</attalias><attrtype Sync="TRUE">String</attrtype><attwidth Sync="TRUE">50</attwidth><atprecis Sync="TRUE">0</atprecis><attscale Sync="TRUE">0</attscale></attr><attr><attrlabl Sync="TRUE">route_id</attrlabl><attalias Sync="TRUE">route_id</attalias><attrtype Sync="TRUE">String</attrtype><attwidth Sync="TRUE">5</attwidth><atprecis Sync="TRUE">0</atprecis><attscale Sync="TRUE">0</attscale></attr></detailed></eainfo><mdDateSt Sync="TRUE">20151003</mdDateSt></metadata>
